{
    "y": 1191, 
    "x": 2140, 
    "signature": [
        0.269449715370019, 
        0.017077798861480076, 
        0.0, 
        0.0056925996204933585, 
        0.003795066413662239, 
        0.3377609108159393, 
        0.5445920303605313, 
        0.21062618595825428, 
        0.1252371916508539, 
        0.13851992409867173, 
        0.2903225806451613, 
        0.3700189753320683, 
        0.2144212523719165, 
        0.8140417457305503, 
        0.7571157495256167, 
        0.4250474383301708, 
        0.16129032258064516, 
        0.7305502846299811, 
        0.8633776091081594, 
        0.7950664136622391, 
        0.04174573055028463, 
        0.3586337760910816, 
        0.4497153700189753, 
        0.04364326375711575, 
        0.10056925996204934, 
        0.9791271347248577, 
        0.3946869070208729, 
        0.5977229601518027, 
        0.011385199240986717, 
        0.007590132827324478, 
        0.03225806451612903, 
        0.04743833017077799, 
        0.030360531309297913, 
        0.7381404174573055, 
        0.8861480075901328, 
        1.0, 
        0.14041745730550284, 
        0.024667931688804556, 
        0.13282732447817835, 
        0.1366223908918406, 
        0.011385199240986717, 
        0.45540796963946867, 
        0.6413662239089184, 
        0.3795066413662239, 
        0.8273244781783681, 
        0.03795066413662239, 
        0.03225806451612903, 
        0.10436432637571158, 
        0.0056925996204933585, 
        0.7324478178368121, 
        0.6850094876660342, 
        0.23719165085388993, 
        0.4269449715370019, 
        0.028462998102466792, 
        0.011385199240986717, 
        0.018975332068311195, 
        0.05313092979127135, 
        0.1252371916508539, 
        0.12144212523719165, 
        0.056925996204933584, 
        0.056925996204933584, 
        0.009487666034155597, 
        0.003795066413662239, 
        0.03225806451612903
    ], 
    "column": 3, 
    "label": 9
}