{
    "y": 876, 
    "x": 1187, 
    "signature": [
        1.0, 
        0.2906641000962464, 
        0.0, 
        0.0, 
        0.0, 
        0.0, 
        0.0, 
        0.0, 
        0.1915303176130895, 
        0.21751684311838307, 
        0.0, 
        0.4735322425409047, 
        0.0, 
        0.0, 
        0.0, 
        0.0, 
        0.3176130895091434, 
        0.5726660250240616, 
        0.4494706448508181, 
        0.726660250240616, 
        0.11838306063522618, 
        0.0, 
        0.0, 
        0.0, 
        0.0933589990375361, 
        0.017324350336862367, 
        0.0, 
        0.01828681424446583, 
        0.15110683349374399, 
        0.0, 
        0.0, 
        0.0, 
        0.2386910490856593, 
        0.30991337824831566, 
        0.11357074109720885, 
        0.0, 
        0.0, 
        0.0, 
        0.0, 
        0.0, 
        0.07507218479307026, 
        0.4177093358999038, 
        0.3060635226179018, 
        0.0, 
        0.0, 
        0.0, 
        0.0, 
        0.0, 
        0.015399422521655439, 
        0.12319538017324351, 
        0.20692974013474494, 
        0.0038498556304138597, 
        0.0, 
        0.0, 
        0.0, 
        0.0, 
        0.03753609239653513, 
        0.7526467757459095, 
        0.5457170356111646, 
        0.02406159769008662, 
        0.0, 
        0.0019249278152069298, 
        0.0038498556304138597, 
        0.0356111645813282
    ], 
    "column": 2, 
    "label": 3
}