{
    "y": 567, 
    "x": 1509, 
    "signature": [
        0.0, 
        0.0, 
        0.0, 
        0.00125, 
        0.11125, 
        0.34375, 
        0.48875, 
        0.07875, 
        0.32375, 
        0.045, 
        0.0, 
        0.07375, 
        0.01375, 
        0.39875, 
        0.71875, 
        0.01, 
        0.68375, 
        1.0, 
        0.66875, 
        0.635, 
        0.0675, 
        0.0, 
        0.0, 
        0.0, 
        0.0, 
        0.0025, 
        0.01375, 
        0.01125, 
        0.0, 
        0.0, 
        0.0, 
        0.0, 
        0.0, 
        0.1175, 
        0.6625, 
        0.66625, 
        0.095, 
        0.0, 
        0.0, 
        0.0, 
        0.0, 
        0.02, 
        0.14125, 
        0.0375, 
        0.035, 
        0.10375, 
        0.0, 
        0.0, 
        0.0, 
        0.32375, 
        0.5425, 
        0.49625, 
        0.1925, 
        0.37, 
        0.0, 
        0.0, 
        0.0, 
        0.14625, 
        0.0, 
        0.0, 
        0.0, 
        0.0, 
        0.0, 
        0.0
    ], 
    "column": 2, 
    "label": 11
}