{
    "y": 942, 
    "x": 1472, 
    "signature": [
        0.0339943342776204, 
        0.0056657223796034, 
        0.0028328611898017, 
        0.00141643059490085, 
        0.0, 
        0.0, 
        0.3654390934844193, 
        0.6246458923512748, 
        0.7195467422096318, 
        0.9589235127478754, 
        0.7988668555240793, 
        0.7053824362606232, 
        0.8130311614730878, 
        0.6869688385269122, 
        1.0, 
        0.26203966005665724, 
        0.21529745042492918, 
        0.036827195467422094, 
        0.1671388101983003, 
        0.19263456090651557, 
        0.29320113314447593, 
        0.5594900849858357, 
        0.29461756373937675, 
        0.0679886685552408, 
        0.13172804532577903, 
        0.42776203966005666, 
        0.03541076487252125, 
        0.036827195467422094, 
        0.42492917847025496, 
        0.23654390934844194, 
        0.12181303116147309, 
        0.0, 
        0.26912181303116145, 
        0.990084985835694, 
        0.7294617563739377, 
        0.17280453257790368, 
        0.40226628895184136, 
        0.9702549575070821, 
        0.8980169971671388, 
        0.0, 
        0.0, 
        0.0, 
        0.0, 
        0.0, 
        0.21388101983002833, 
        0.007082152974504249, 
        0.0, 
        0.0, 
        0.0, 
        0.0, 
        0.0, 
        0.0, 
        0.0, 
        0.0, 
        0.0, 
        0.0, 
        0.0169971671388102, 
        0.00141643059490085, 
        0.0, 
        0.012747875354107648, 
        0.0, 
        0.0, 
        0.0, 
        0.0
    ], 
    "column": 2, 
    "label": 10
}