{
    "y": 855, 
    "x": 764, 
    "signature": [
        0.11651917404129794, 
        0.022123893805309734, 
        0.0, 
        0.0, 
        0.0, 
        0.1710914454277286, 
        1.0, 
        0.4970501474926254, 
        0.35398230088495575, 
        0.22418879056047197, 
        0.29793510324483774, 
        0.8185840707964602, 
        0.5353982300884956, 
        0.017699115044247787, 
        0.48672566371681414, 
        0.2920353982300885, 
        0.3008849557522124, 
        0.4247787610619469, 
        0.7256637168141593, 
        0.20206489675516223, 
        0.20501474926253688, 
        0.0, 
        0.0, 
        0.06047197640117994, 
        0.308259587020649, 
        0.5103244837758112, 
        0.19321533923303835, 
        0.6814159292035398, 
        0.5294985250737463, 
        0.8613569321533924, 
        0.8244837758112095, 
        0.2610619469026549, 
        0.2640117994100295, 
        0.3672566371681416, 
        0.14601769911504425, 
        0.29793510324483774, 
        0.4646017699115044, 
        0.3274336283185841, 
        0.1607669616519174, 
        0.014749262536873156, 
        0.0, 
        0.0, 
        0.0, 
        0.09882005899705015, 
        0.07669616519174041, 
        0.0, 
        0.0, 
        0.0, 
        0.0, 
        0.0, 
        0.0, 
        0.0, 
        0.0, 
        0.0, 
        0.0, 
        0.0, 
        0.0, 
        0.0, 
        0.0, 
        0.0, 
        0.0, 
        0.0, 
        0.022123893805309734, 
        0.09144542772861357
    ], 
    "column": 1, 
    "label": 4
}