{
    "y": 1183, 
    "x": 789, 
    "signature": [
        0.03546099290780142, 
        0.20390070921985815, 
        0.0, 
        0.0, 
        0.0425531914893617, 
        0.047872340425531915, 
        0.7109929078014184, 
        0.45567375886524825, 
        0.30141843971631205, 
        1.0, 
        0.0017730496453900709, 
        0.8847517730496454, 
        0.5283687943262412, 
        0.09219858156028368, 
        0.5478723404255319, 
        0.450354609929078, 
        0.2730496453900709, 
        0.5088652482269503, 
        0.0, 
        0.35638297872340424, 
        0.6329787234042553, 
        0.0, 
        0.0, 
        0.0, 
        0.0, 
        0.0, 
        0.0, 
        0.0, 
        0.0, 
        0.0, 
        0.0, 
        0.0, 
        0.0, 
        0.11879432624113476, 
        0.4237588652482269, 
        0.5124113475177305, 
        0.19148936170212766, 
        0.0, 
        0.0, 
        0.0, 
        0.0, 
        0.08156028368794327, 
        0.4326241134751773, 
        0.3404255319148936, 
        0.21453900709219859, 
        0.0, 
        0.0, 
        0.0, 
        0.0, 
        0.0, 
        0.0, 
        0.0, 
        0.0, 
        0.0, 
        0.0, 
        0.0, 
        0.0, 
        0.0, 
        0.0, 
        0.0, 
        0.0, 
        0.0, 
        0.0, 
        0.0
    ], 
    "column": 1, 
    "label": 2
}