{
    "y": 554, 
    "x": 1866, 
    "signature": [
        0.043137254901960784, 
        0.03398692810457516, 
        0.009150326797385621, 
        0.00261437908496732, 
        0.0, 
        0.0, 
        0.4849673202614379, 
        0.6849673202614379, 
        0.3673202614379085, 
        0.9411764705882353, 
        0.8666666666666667, 
        0.8026143790849674, 
        0.06143790849673202, 
        0.0, 
        0.4522875816993464, 
        0.538562091503268, 
        0.050980392156862744, 
        0.058823529411764705, 
        0.2, 
        0.07058823529411765, 
        0.01568627450980392, 
        0.0, 
        0.0, 
        0.011764705882352941, 
        0.0, 
        0.2196078431372549, 
        1.0, 
        0.534640522875817, 
        0.0, 
        0.0, 
        0.0, 
        0.0, 
        0.0, 
        0.0, 
        0.0, 
        0.13071895424836602, 
        0.0, 
        0.11372549019607843, 
        0.0, 
        0.0, 
        0.0, 
        0.0, 
        0.726797385620915, 
        0.7006535947712418, 
        0.17124183006535948, 
        0.5228758169934641, 
        0.0, 
        0.0, 
        0.0, 
        0.0, 
        0.1869281045751634, 
        0.0, 
        0.0, 
        0.0, 
        0.0, 
        0.0, 
        0.0, 
        0.05359477124183006, 
        0.12156862745098039, 
        0.2222222222222222, 
        0.2784313725490196, 
        0.3464052287581699, 
        0.4065359477124183, 
        0.5098039215686274
    ], 
    "column": 3, 
    "label": 8
}