{
    "y": 563, 
    "x": 1153, 
    "signature": [
        0.17744610281923714, 
        0.1956882255389718, 
        0.21061359867330018, 
        0.19402985074626866, 
        0.18407960199004975, 
        0.43781094527363185, 
        0.21724709784411278, 
        0.3067993366500829, 
        0.6252072968490879, 
        0.41459369817578773, 
        0.0, 
        0.0, 
        0.12437810945273632, 
        0.45439469320066334, 
        0.8805970149253731, 
        0.5107794361525705, 
        0.25870646766169153, 
        1.0, 
        0.7479270315091211, 
        0.5688225538971807, 
        0.8441127694859039, 
        0.2620232172470978, 
        0.3996683250414594, 
        0.11442786069651742, 
        0.05970149253731343, 
        0.46102819237147596, 
        0.6235489220563848, 
        0.0, 
        0.001658374792703151, 
        0.0, 
        0.0, 
        0.0, 
        0.03150912106135987, 
        0.6616915422885572, 
        0.33001658374792703, 
        0.0, 
        0.0, 
        0.0, 
        0.0, 
        0.0, 
        0.0, 
        0.0, 
        0.0, 
        0.0, 
        0.0, 
        0.0, 
        0.0, 
        0.0, 
        0.0, 
        0.0, 
        0.0, 
        0.0, 
        0.0, 
        0.0, 
        0.0, 
        0.0, 
        0.0, 
        0.0, 
        0.0, 
        0.0, 
        0.0, 
        0.0, 
        0.0, 
        0.0
    ], 
    "column": 2, 
    "label": 6
}