{
    "y": 1283, 
    "x": 1421, 
    "signature": [
        0.8946395563770795, 
        0.19593345656192238, 
        0.0073937153419593345, 
        0.014787430683918669, 
        0.0, 
        0.0018484288354898336, 
        0.5508317929759704, 
        0.09981515711645102, 
        0.878003696857671, 
        0.8170055452865065, 
        0.9205175600739371, 
        1.0, 
        0.5600739371534196, 
        0.23844731977818853, 
        0.5249537892791127, 
        0.3031423290203327, 
        0.2088724584103512, 
        0.005545286506469501, 
        0.02033271719038817, 
        0.4269870609981516, 
        0.19963031423290203, 
        0.08502772643253234, 
        0.39186691312384475, 
        0.12939001848428835, 
        0.4602587800369686, 
        0.7781885397412199, 
        0.39926062846580407, 
        0.7338262476894639, 
        0.8354898336414048, 
        0.3659889094269871, 
        0.0, 
        0.0, 
        0.0, 
        0.0, 
        0.0, 
        0.0, 
        0.0, 
        0.0, 
        0.0, 
        0.0, 
        0.0, 
        0.0, 
        0.0, 
        0.0, 
        0.0, 
        0.0, 
        0.0, 
        0.0, 
        0.0, 
        0.0, 
        0.0, 
        0.0, 
        0.0, 
        0.0, 
        0.0, 
        0.0, 
        0.0, 
        0.0, 
        0.0, 
        0.0, 
        0.0, 
        0.0, 
        0.0073937153419593345, 
        0.10536044362292052
    ], 
    "column": 2, 
    "label": 1
}