{
    "y": 561, 
    "x": 2154, 
    "signature": [
        0.014218009478672985, 
        0.0, 
        0.002369668246445498, 
        0.008293838862559242, 
        0.0035545023696682463, 
        0.22748815165876776, 
        0.7772511848341233, 
        0.4585308056872038, 
        0.23933649289099526, 
        0.33886255924170616, 
        0.001184834123222749, 
        0.06635071090047394, 
        0.273696682464455, 
        0.278436018957346, 
        0.9277251184834123, 
        0.504739336492891, 
        0.3459715639810427, 
        0.9478672985781991, 
        0.745260663507109, 
        0.7772511848341233, 
        0.9454976303317536, 
        0.4277251184834123, 
        0.001184834123222749, 
        0.037914691943127965, 
        0.0, 
        0.0995260663507109, 
        0.15639810426540285, 
        0.04028436018957346, 
        0.0, 
        0.0, 
        0.0, 
        0.0035545023696682463, 
        0.06042654028436019, 
        0.3732227488151659, 
        0.5746445497630331, 
        0.2890995260663507, 
        0.0, 
        0.01066350710900474, 
        0.0, 
        0.002369668246445498, 
        0.7393364928909952, 
        1.0, 
        0.9881516587677726, 
        0.5225118483412322, 
        0.4431279620853081, 
        0.8080568720379147, 
        0.6362559241706162, 
        0.35071090047393366, 
        0.02962085308056872, 
        0.11848341232227488, 
        0.46800947867298576, 
        0.08530805687203792, 
        0.0035545023696682463, 
        0.0, 
        0.11018957345971564, 
        0.38981042654028436, 
        0.01066350710900474, 
        0.0, 
        0.0, 
        0.0, 
        0.0, 
        0.0, 
        0.0, 
        0.002369668246445498
    ], 
    "column": 3, 
    "label": 7
}