{
    "y": 917, 
    "x": 228, 
    "signature": [
        0.08870967741935484, 
        0.06129032258064516, 
        0.037096774193548385, 
        0.0016129032258064516, 
        0.0, 
        0.004838709677419355, 
        1.0, 
        0.41774193548387095, 
        0.36129032258064514, 
        0.15, 
        0.1032258064516129, 
        0.49032258064516127, 
        0.6338709677419355, 
        0.0, 
        0.6096774193548387, 
        0.36129032258064514, 
        0.38387096774193546, 
        0.4854838709677419, 
        0.964516129032258, 
        0.47580645161290325, 
        0.3919354838709677, 
        0.0, 
        0.0, 
        0.0, 
        0.19838709677419356, 
        0.3403225806451613, 
        0.24516129032258063, 
        0.4629032258064516, 
        0.3435483870967742, 
        0.6080645161290322, 
        0.482258064516129, 
        0.32741935483870965, 
        0.4612903225806452, 
        0.6274193548387097, 
        0.27741935483870966, 
        0.47096774193548385, 
        0.7435483870967742, 
        0.5516129032258065, 
        0.55, 
        0.14838709677419354, 
        0.0, 
        0.0, 
        0.0, 
        0.16774193548387098, 
        0.20483870967741935, 
        0.0, 
        0.0, 
        0.0, 
        0.0, 
        0.0, 
        0.0, 
        0.0, 
        0.0, 
        0.0, 
        0.0, 
        0.0, 
        0.0, 
        0.0, 
        0.0, 
        0.0, 
        0.0, 
        0.0, 
        0.0, 
        0.0
    ], 
    "column": 1, 
    "label": 3
}