{
    "y": 492, 
    "x": 1370, 
    "signature": [
        0.10869565217391304, 
        0.10597826086956522, 
        0.05570652173913043, 
        0.010869565217391304, 
        0.059782608695652176, 
        0.32608695652173914, 
        0.39809782608695654, 
        0.001358695652173913, 
        0.27853260869565216, 
        0.025815217391304348, 
        0.0, 
        0.059782608695652176, 
        0.008152173913043478, 
        0.36684782608695654, 
        0.6807065217391305, 
        0.02309782608695652, 
        0.6467391304347826, 
        1.0, 
        0.7146739130434783, 
        0.6182065217391305, 
        0.09510869565217392, 
        0.0, 
        0.0, 
        0.0, 
        0.0, 
        0.001358695652173913, 
        0.02717391304347826, 
        0.03940217391304348, 
        0.0, 
        0.0, 
        0.0, 
        0.0, 
        0.0, 
        0.10054347826086957, 
        0.6521739130434783, 
        0.688858695652174, 
        0.10190217391304347, 
        0.0, 
        0.0, 
        0.0, 
        0.0, 
        0.008152173913043478, 
        0.13722826086956522, 
        0.04891304347826087, 
        0.033967391304347824, 
        0.13858695652173914, 
        0.0, 
        0.0, 
        0.0, 
        0.37228260869565216, 
        0.5733695652173914, 
        0.5230978260869565, 
        0.22282608695652173, 
        0.3736413043478261, 
        0.0, 
        0.0, 
        0.0, 
        0.13858695652173914, 
        0.0, 
        0.0, 
        0.0, 
        0.0, 
        0.0, 
        0.0
    ], 
    "column": 2, 
    "label": 10
}