{
    "y": 1607, 
    "x": 1230, 
    "signature": [
        0.1087378640776699, 
        0.005825242718446602, 
        0.0, 
        0.0, 
        0.0, 
        0.0, 
        0.5398058252427185, 
        0.141747572815534, 
        0.8407766990291262, 
        0.7572815533980582, 
        0.920388349514563, 
        1.0, 
        0.5825242718446602, 
        0.26990291262135924, 
        0.458252427184466, 
        0.283495145631068, 
        0.20388349514563106, 
        0.019417475728155338, 
        0.03300970873786408, 
        0.4407766990291262, 
        0.17281553398058253, 
        0.0854368932038835, 
        0.40388349514563104, 
        0.1087378640776699, 
        0.4349514563106796, 
        0.8077669902912621, 
        0.3883495145631068, 
        0.7436893203883496, 
        0.8446601941747572, 
        0.32427184466019415, 
        0.0, 
        0.0, 
        0.0, 
        0.0, 
        0.0, 
        0.0, 
        0.0, 
        0.0, 
        0.0, 
        0.0, 
        0.0, 
        0.0, 
        0.0, 
        0.0, 
        0.0, 
        0.0, 
        0.0, 
        0.0, 
        0.0, 
        0.0, 
        0.0, 
        0.0, 
        0.0, 
        0.0, 
        0.0, 
        0.0, 
        0.0, 
        0.0, 
        0.0, 
        0.0, 
        0.0, 
        0.0, 
        0.0, 
        0.05048543689320388
    ], 
    "column": 2, 
    "label": 1
}