{
    "y": 1061, 
    "x": 1311, 
    "signature": [
        0.0, 
        0.0, 
        0.0, 
        0.0, 
        0.0, 
        0.0, 
        0.3455571227080395, 
        0.6262341325811002, 
        0.4710860366713681, 
        0.7997179125528914, 
        0.616361071932299, 
        0.5853314527503526, 
        0.7038081805359662, 
        0.5712270803949224, 
        0.9746121297602257, 
        0.2778561354019746, 
        0.3244005641748942, 
        0.12129760225669958, 
        0.25105782792665726, 
        0.25105782792665726, 
        0.30888575458392104, 
        0.5881523272214386, 
        0.34132581100141046, 
        0.07334273624823695, 
        0.08039492242595205, 
        0.4104372355430183, 
        0.0028208744710860366, 
        0.019746121297602257, 
        0.4104372355430183, 
        0.22002820874471085, 
        0.11706629055007052, 
        0.0, 
        0.2863187588152327, 
        1.0, 
        0.7052186177715092, 
        0.21156558533145275, 
        0.36671368124118475, 
        0.9520451339915373, 
        0.8547249647390691, 
        0.0, 
        0.0, 
        0.0014104372355430183, 
        0.0, 
        0.0, 
        0.22708039492242596, 
        0.011283497884344146, 
        0.0, 
        0.0, 
        0.0, 
        0.0, 
        0.0, 
        0.0, 
        0.0, 
        0.0, 
        0.0, 
        0.0, 
        0.011283497884344146, 
        0.0014104372355430183, 
        0.0028208744710860366, 
        0.0014104372355430183, 
        0.0, 
        0.0, 
        0.0, 
        0.0014104372355430183
    ], 
    "column": 2, 
    "label": 9
}