{
    "y": 1473, 
    "x": 2380, 
    "signature": [
        0.002631578947368421, 
        0.0, 
        0.0, 
        0.003947368421052632, 
        0.017105263157894738, 
        0.3, 
        0.4842105263157895, 
        0.2644736842105263, 
        0.07763157894736843, 
        0.14473684210526316, 
        0.33289473684210524, 
        0.41578947368421054, 
        0.19078947368421054, 
        0.6697368421052632, 
        0.7592105263157894, 
        0.49736842105263157, 
        0.1118421052631579, 
        0.49473684210526314, 
        0.5328947368421053, 
        0.5131578947368421, 
        0.06447368421052632, 
        0.2986842105263158, 
        0.4144736842105263, 
        0.29605263157894735, 
        0.1, 
        0.7828947368421053, 
        0.45789473684210524, 
        0.6934210526315789, 
        0.05526315789473684, 
        0.11710526315789474, 
        0.25526315789473686, 
        0.29473684210526313, 
        0.04342105263157895, 
        0.4644736842105263, 
        0.5802631578947368, 
        0.6328947368421053, 
        0.34210526315789475, 
        0.30526315789473685, 
        0.6157894736842106, 
        0.7934210526315789, 
        0.04342105263157895, 
        0.5421052631578948, 
        0.7881578947368421, 
        0.4697368421052632, 
        1.0, 
        0.3473684210526316, 
        0.38421052631578945, 
        0.7723684210526316, 
        0.0868421052631579, 
        0.5907894736842105, 
        0.5684210526315789, 
        0.2578947368421053, 
        0.42894736842105263, 
        0.37763157894736843, 
        0.3815789473684211, 
        0.41973684210526313, 
        0.33157894736842103, 
        0.4842105263157895, 
        0.6881578947368421, 
        0.5618421052631579, 
        0.41973684210526313, 
        0.4105263157894737, 
        0.3631578947368421, 
        0.43026315789473685
    ], 
    "column": 3, 
    "label": 8
}