{
    "y": 489, 
    "x": 835, 
    "signature": [
        0.10647181628392484, 
        0.0, 
        0.0, 
        0.0, 
        0.0, 
        0.33402922755741127, 
        0.1649269311064718, 
        0.13778705636743216, 
        0.8308977035490606, 
        0.6409185803757829, 
        0.0020876826722338203, 
        0.05845511482254697, 
        0.31315240083507306, 
        0.5887265135699373, 
        0.9958246346555324, 
        0.5532359081419624, 
        0.24217118997912318, 
        1.0, 
        0.8810020876826722, 
        0.6534446764091858, 
        0.824634655532359, 
        0.1127348643006263, 
        0.44676409185803756, 
        0.0041753653444676405, 
        0.1022964509394572, 
        0.7640918580375783, 
        0.8288100208768268, 
        0.0, 
        0.0, 
        0.0, 
        0.0, 
        0.0, 
        0.05845511482254697, 
        0.615866388308977, 
        0.29227557411273486, 
        0.0, 
        0.0, 
        0.0, 
        0.0, 
        0.0, 
        0.0, 
        0.0, 
        0.0, 
        0.0, 
        0.0, 
        0.0, 
        0.0, 
        0.0, 
        0.0, 
        0.0, 
        0.0, 
        0.0, 
        0.0, 
        0.0, 
        0.0, 
        0.04801670146137787, 
        0.0, 
        0.0, 
        0.0, 
        0.0, 
        0.0, 
        0.0, 
        0.0, 
        0.08350730688935282
    ], 
    "column": 2, 
    "label": 5
}