{
    "y": 953, 
    "x": 877, 
    "signature": [
        0.45348837209302323, 
        0.10335917312661498, 
        0.0, 
        0.0, 
        0.0, 
        0.0, 
        0.0, 
        0.0, 
        0.13565891472868216, 
        0.29457364341085274, 
        0.0, 
        0.4896640826873385, 
        0.0, 
        0.0, 
        0.0, 
        0.0, 
        0.36563307493540054, 
        0.7364341085271318, 
        0.5658914728682171, 
        1.0, 
        0.04521963824289406, 
        0.0, 
        0.0, 
        0.0, 
        0.07493540051679587, 
        0.06589147286821706, 
        0.0, 
        0.1020671834625323, 
        0.15762273901808785, 
        0.0, 
        0.0, 
        0.0, 
        0.29457364341085274, 
        0.37209302325581395, 
        0.09431524547803617, 
        0.0, 
        0.0, 
        0.0, 
        0.0, 
        0.10723514211886305, 
        0.10723514211886305, 
        0.6085271317829457, 
        0.36304909560723514, 
        0.0, 
        0.0, 
        0.0, 
        0.0, 
        0.2454780361757106, 
        0.04521963824289406, 
        0.16666666666666666, 
        0.23772609819121446, 
        0.021963824289405683, 
        0.0, 
        0.0, 
        0.0, 
        0.4095607235142119, 
        0.14599483204134367, 
        0.9431524547803618, 
        0.7067183462532299, 
        0.0, 
        0.0, 
        0.002583979328165375, 
        0.00516795865633075, 
        0.5749354005167958
    ], 
    "column": 2, 
    "label": 2
}