{
    "y": 483, 
    "x": 2351, 
    "signature": [
        0.0, 
        0.0, 
        0.0, 
        0.0, 
        0.0011547344110854503, 
        0.21247113163972287, 
        0.7482678983833718, 
        0.36143187066974597, 
        0.25635103926096997, 
        0.3233256351039261, 
        0.006928406466512702, 
        0.005773672055427252, 
        0.30369515011547343, 
        0.18013856812933027, 
        0.7240184757505773, 
        0.3833718244803695, 
        0.27367205542725176, 
        0.7632794457274826, 
        0.651270207852194, 
        0.7182448036951501, 
        0.7390300230946882, 
        0.4445727482678984, 
        0.0023094688221709007, 
        0.0023094688221709007, 
        0.0, 
        0.11316397228637413, 
        0.15935334872979215, 
        0.06004618937644342, 
        0.0, 
        0.0, 
        0.0, 
        0.0, 
        0.10277136258660508, 
        0.3394919168591224, 
        0.4792147806004619, 
        0.29330254041570436, 
        0.0, 
        0.025404157043879907, 
        0.0023094688221709007, 
        0.0, 
        0.581986143187067, 
        1.0, 
        0.9549653579676675, 
        0.651270207852194, 
        0.3279445727482679, 
        0.7933025404157044, 
        0.6558891454965358, 
        0.4168591224018476, 
        0.017321016166281754, 
        0.025404157043879907, 
        0.302540415704388, 
        0.1351039260969977, 
        0.0, 
        0.0, 
        0.08891454965357967, 
        0.39376443418013857, 
        0.03926096997690531, 
        0.0011547344110854503, 
        0.0, 
        0.0, 
        0.0, 
        0.0, 
        0.0, 
        0.0
    ], 
    "column": 3, 
    "label": 6
}