{
    "y": 896, 
    "x": 2126, 
    "signature": [
        0.15264187866927592, 
        0.08414872798434442, 
        0.03131115459882583, 
        0.0019569471624266144, 
        0.0, 
        0.4187866927592955, 
        0.6731898238747553, 
        0.29354207436399216, 
        0.44031311154598823, 
        0.1506849315068493, 
        0.023483365949119372, 
        0.6908023483365949, 
        0.0, 
        0.4227005870841487, 
        0.949119373776908, 
        0.44422700587084146, 
        0.25048923679060664, 
        0.7221135029354208, 
        0.7142857142857143, 
        0.5362035225048923, 
        0.0821917808219178, 
        0.1761252446183953, 
        0.41487279843444225, 
        0.009784735812133072, 
        0.11545988258317025, 
        0.9471624266144814, 
        1.0, 
        0.0, 
        0.0, 
        0.0, 
        0.0, 
        0.0, 
        0.12915851272015655, 
        0.547945205479452, 
        0.41487279843444225, 
        0.0, 
        0.0, 
        0.0, 
        0.0, 
        0.0, 
        0.27788649706457924, 
        0.0, 
        0.0, 
        0.0, 
        0.0, 
        0.0, 
        0.0, 
        0.0, 
        0.3561643835616438, 
        0.0, 
        0.0, 
        0.0, 
        0.0, 
        0.0, 
        0.0, 
        0.0, 
        0.08806262230919765, 
        0.0, 
        0.0, 
        0.0, 
        0.0, 
        0.0, 
        0.0, 
        0.0
    ], 
    "column": 3, 
    "label": 4
}