{
    "y": 464, 
    "x": 1915, 
    "signature": [
        0.027707808564231738, 
        0.010075566750629723, 
        0.0025188916876574307, 
        0.005037783375314861, 
        0.0, 
        0.0, 
        0.3866498740554156, 
        0.5730478589420654, 
        0.31738035264483627, 
        0.7695214105793451, 
        0.6083123425692695, 
        0.6309823677581864, 
        0.0327455919395466, 
        0.0, 
        0.482367758186398, 
        0.5780856423173804, 
        0.09319899244332494, 
        0.1889168765743073, 
        0.35516372795969775, 
        0.172544080604534, 
        0.030226700251889168, 
        0.0, 
        0.0, 
        0.012594458438287154, 
        0.0, 
        0.19143576826196473, 
        1.0, 
        0.5050377833753149, 
        0.0, 
        0.0, 
        0.0, 
        0.0, 
        0.0, 
        0.0012594458438287153, 
        0.008816120906801008, 
        0.07934508816120907, 
        0.0, 
        0.05163727959697733, 
        0.0, 
        0.0, 
        0.0, 
        0.0, 
        0.6876574307304786, 
        0.7959697732997482, 
        0.1964735516372796, 
        0.6158690176322418, 
        0.0, 
        0.0, 
        0.0, 
        0.003778337531486146, 
        0.24307304785894207, 
        0.0, 
        0.0, 
        0.0, 
        0.0, 
        0.0, 
        0.017632241813602016, 
        0.0, 
        0.0, 
        0.0, 
        0.0, 
        0.0, 
        0.0, 
        0.0
    ], 
    "column": 3, 
    "label": 7
}